QueryId,DocumentId
1001,3
1001,4
1001,5
1001,1
1001,2
1001,670
1001,10
1001,685
1001,675
1001,660
1002,3
1002,4
1002,5
1002,2
1002,1
1002,9
1002,10
1002,20
1002,8
1002,15
1003,1
1003,6
1003,4
1003,3
1003,5
1003,26
1003,23
1003,2
1003,24
1003,660
1004,1
1004,6
1004,4
1004,3
1004,5
1004,2
1004,16
1004,10
1004,11
1004,217
1005,13
1005,14
1005,11
1005,15
1005,12
1005,21
1005,660
1005,659
1005,669
1005,362
1006,13
1006,14
1006,15
1006,12
1006,11
1006,21
1006,20
1006,18
1006,19
1006,667
1007,11
1007,13
1007,14
1007,15
1007,12
1007,21
1007,24
1007,644
1007,23
1007,25
1008,11
1008,14
1008,13
1008,15
1008,12
1008,6
1008,1
1008,16
1008,24
1008,667
1009,19
1009,18
1009,20
1009,16
1009,17
1009,14
1009,15
1009,13
1009,12
1009,114
1010,18
1010,19
1010,20
1010,17
1010,16
1010,14
1010,13
1010,15
1010,12
1010,22
1011,16
1011,18
1011,19
1011,20
1011,17
1011,13
1011,15
1011,14
1011,149
1011,12
1012,16
1012,18
1012,19
1012,20
1012,17
1012,1
1012,6
1012,11
1012,15
1012,14
1013,32
1013,30
1013,33
1013,31
1013,28
1013,29
1013,47
1013,48
1013,45
1013,575
1014,32
1014,30
1014,33
1014,31
1014,29
1014,28
1014,47
1014,45
1014,44
1014,48
1015,33
1015,31
1015,32
1015,30
1015,28
1015,29
1015,48
1015,46
1015,284
1015,576
1016,33
1016,31
1016,32
1016,30
1016,28
1016,29
1016,48
1016,44
1016,46
1016,504
1017,28
1017,29
1017,32
1017,33
1017,30
1017,31
1017,43
1017,44
1017,93
1017,47
1018,33
1018,32
1018,29
1018,31
1018,28
1018,30
1018,44
1018,279
1018,503
1018,571
1019,29
1019,44
1019,32
1019,33
1019,30
1019,31
1019,28
1019,61
1019,279
1019,399
1020,29
1020,33
1020,32
1020,28
1020,31
1020,30
1020,44
1020,571
1020,398
1020,279
1021,111
1021,115
1021,113
1021,116
1021,112
1021,114
1021,123
1021,121
1021,119
1021,109
1022,115
1022,113
1022,111
1022,114
1022,116
1022,112
1022,123
1022,121
1022,119
1022,99
1023,116
1023,114
1023,112
1023,115
1023,113
1023,111
1023,124
1023,122
1023,120
1023,109
1024,116
1024,114
1024,112
1024,115
1024,113
1024,111
1024,109
1024,110
1024,124
1024,122
1025,109
1025,116
1025,115
1025,114
1025,111
1025,113
1025,112
1025,110
1025,117
1025,93
1026,116
1026,115
1026,109
1026,114
1026,113
1026,111
1026,110
1026,112
1026,610
1026,123
1027,110
1027,118
1027,115
1027,116
1027,113
1027,114
1027,111
1027,112
1027,109
1027,126
1028,110
1028,116
1028,114
1028,113
1028,115
1028,112
1028,111
1028,109
1028,610
1028,94
1029,129
1029,131
1029,127
1029,132
1029,128
1029,130
1029,125
1029,126
1029,97
1029,113
1030,131
1030,129
1030,127
1030,132
1030,130
1030,128
1030,125
1030,126
1030,113
1030,115
1031,132
1031,128
1031,130
1031,131
1031,129
1031,127
1031,125
1031,126
1031,98
1031,122
1032,132
1032,130
1032,131
1032,128
1032,129
1032,127
1032,126
1032,125
1032,94
1032,98
1033,125
1033,132
1033,131
1033,130
1033,129
1033,128
1033,127
1033,126
1033,93
1033,34
1034,132
1034,131
1034,130
1034,129
1034,128
1034,127
1034,126
1034,125
1034,94
1034,34
1035,126
1035,131
1035,129
1035,132
1035,130
1035,127
1035,128
1035,125
1035,94
1035,110
1036,126
1036,130
1036,132
1036,129
1036,131
1036,128
1036,125
1036,127
1036,94
1036,99
1037,139
1037,137
1037,140
1037,135
1037,150
1037,138
1037,136
1037,40
1037,41
1037,38
1038,139
1038,137
1038,135
1038,140
1038,138
1038,40
1038,147
1038,136
1038,38
1038,145
1039,157
1039,155
1039,158
1039,156
1039,153
1039,154
1039,630
1039,628
1039,187
1039,47
1040,157
1040,155
1040,158
1040,156
1040,153
1040,154
1040,187
1040,47
1040,113
1040,115
1041,158
1041,156
1041,157
1041,155
1041,153
1041,631
1041,154
1041,629
1041,380
1041,446
1042,158
1042,156
1042,157
1042,155
1042,153
1042,154
1042,631
1042,48
1042,188
1042,630
1043,153
1043,158
1043,157
1043,156
1043,155
1043,154
1043,183
1043,43
1043,627
1043,626
1044,154
1044,158
1044,157
1044,156
1044,153
1044,155
1044,626
1044,440
1044,374
1044,24
1045,154
1045,158
1045,157
1045,156
1045,155
1045,153
1045,375
1045,441
1045,184
1045,442
1046,154
1046,158
1046,157
1046,156
1046,155
1046,153
1046,626
1046,375
1046,441
1046,184
1047,171
1047,173
1047,174
1047,169
1047,172
1047,170
1047,167
1047,168
1047,165
1047,163
1048,171
1048,173
1048,169
1048,172
1048,174
1048,170
1048,163
1048,165
1048,161
1048,181
1049,172
1049,174
1049,170
1049,173
1049,171
1049,169
1049,167
1049,168
1049,166
1049,164
1050,172
1050,174
1050,173
1050,170
1050,171
1050,169
1050,167
1050,168
1050,132
1050,164
1051,167
1051,171
1051,172
1051,174
1051,168
1051,173
1051,170
1051,169
1051,159
1051,175
1052,171
1052,172
1052,173
1052,174
1052,168
1052,167
1052,170
1052,169
1052,636
1052,159
1053,168
1053,171
1053,174
1053,172
1053,173
1053,167
1053,170
1053,169
1053,160
1053,176
1054,168
1054,172
1054,173
1054,174
1054,171
1054,167
1054,170
1054,169
1054,635
1054,636
1055,181
1055,179
1055,177
1055,182
1055,180
1055,178
1055,176
1055,175
1055,641
1055,165
1056,179
1056,181
1056,177
1056,182
1056,180
1056,178
1056,176
1056,163
1056,165
1056,173
1057,180
1057,178
1057,182
1057,181
1057,179
1057,177
1057,642
1057,640
1057,176
1057,175
1058,180
1058,182
1058,178
1058,181
1058,179
1058,177
1058,176
1058,175
1058,640
1058,642
1059,175
1059,180
1059,182
1059,179
1059,181
1059,178
1059,177
1059,176
1059,159
1059,167
1060,180
1060,179
1060,182
1060,181
1060,176
1060,178
1060,177
1060,175
1060,635
1060,159
1061,176
1061,181
1061,182
1061,179
1061,180
1061,175
1061,177
1061,178
1061,168
1061,160
1062,176
1062,180
1062,179
1062,182
1062,181
1062,178
1062,177
1062,175
1062,635
1062,636
1063,192
1063,173
1063,654
1063,277
1063,165
1063,302
1063,171
1063,332
1063,181
1063,569
1064,192
1064,173
1064,171
1064,165
1064,163
1064,181
1064,179
1064,161
1064,177
1064,169
1065,208
1065,210
1065,211
1065,209
1065,523
1065,525
1065,524
1065,526
1065,521
1065,522
1066,208
1066,210
1066,211
1066,209
1066,524
1066,526
1066,522
1066,523
1066,525
1066,521
1067,278
1067,279
1067,397
1067,284
1067,283
1067,280
1067,282
1067,398
1067,281
1067,536
1068,278
1068,279
1068,397
1068,284
1068,283
1068,280
1068,282
1068,281
1068,398
1068,536
1069,283
1069,281
1069,284
1069,282
1069,279
1069,280
1069,541
1069,539
1069,507
1069,278
1070,281
1070,283
1070,282
1070,507
1070,201
1070,505
1070,542
1070,540
1070,284
1070,539
1071,279
1071,398
1071,280
1071,503
1071,537
1071,278
1071,286
1071,284
1071,283
1071,281
1072,279
1072,280
1072,278
1072,284
1072,283
1072,282
1072,281
1072,398
1072,397
1072,504
1073,279
1073,280
1073,398
1073,278
1073,284
1073,283
1073,282
1073,503
1073,537
1073,281
1074,280
1074,279
1074,278
1074,283
1074,284
1074,281
1074,282
1074,398
1074,538
1074,397
1075,284
1075,282
1075,283
1075,281
1075,279
1075,542
1075,540
1075,508
1075,278
1075,280
1076,284
1076,282
1076,283
1076,279
1076,281
1076,398
1076,280
1076,278
1076,542
1076,504
1077,294
1077,295
1077,447
1077,269
1077,296
1077,300
1077,381
1077,302
1077,299
1077,301
1078,294
1078,295
1078,447
1078,302
1078,300
1078,269
1078,301
1078,299
1078,381
1078,296
1079,301
1079,299
1079,297
1079,302
1079,300
1079,298
1079,276
1079,274
1079,277
1079,295
1080,297
1080,299
1080,301
1080,298
1080,276
1080,272
1080,302
1080,300
1080,274
1080,296
1081,295
1081,382
1081,325
1081,487
1081,448
1081,270
1081,296
1081,562
1081,294
1081,271
1082,295
1082,296
1082,294
1082,300
1082,302
1082,301
1082,299
1082,298
1082,297
1082,382
1083,295
1083,296
1083,325
1083,382
1083,487
1083,448
1083,270
1083,294
1083,300
1083,302
1084,296
1084,295
1084,294
1084,325
1084,301
1084,299
1084,302
1084,300
1084,448
1084,326
1085,302
1085,300
1085,298
1085,301
1085,277
1085,299
1085,297
1085,275
1085,273
1085,332
1086,302
1086,300
1086,298
1086,301
1086,299
1086,295
1086,297
1086,277
1086,389
1086,275
1087,317
1087,479
1087,318
1087,319
1087,323
1087,322
1087,321
1087,320
1087,480
1087,358
1088,317
1088,318
1088,479
1088,319
1088,323
1088,322
1088,320
1088,321
1088,480
1088,325
1089,322
1089,320
1089,323
1089,321
1089,318
1089,319
1089,317
1089,484
1089,315
1089,306
1090,320
1090,322
1090,323
1090,321
1090,227
1090,484
1090,319
1090,313
1090,315
1090,229
1091,318
1091,319
1091,309
1091,480
1091,304
1091,325
1091,317
1091,359
1091,322
1091,320
1092,318
1092,319
1092,317
1092,322
1092,320
1092,321
1092,323
1092,479
1092,309
1092,304
1093,318
1093,319
1093,317
1093,323
1093,321
1093,322
1093,320
1093,309
1093,480
1093,479
1094,319
1094,318
1094,322
1094,317
1094,320
1094,323
1094,321
1094,325
1094,304
1094,309
1095,323
1095,321
1095,322
1095,320
1095,318
1095,317
1095,319
1095,485
1095,483
1095,314
1096,323
1096,321
1096,322
1096,320
1096,318
1096,317
1096,314
1096,330
1096,319
1096,332
1097,324
1097,486
1097,325
1097,326
1097,330
1097,332
1097,331
1097,329
1097,328
1097,327
1098,324
1098,325
1098,486
1098,326
1098,331
1098,332
1098,329
1098,330
1098,562
1098,295
1099,331
1099,329
1099,327
1099,332
1099,328
1099,330
1099,325
1099,326
1099,568
1099,324
1100,327
1100,329
1100,331
1100,330
1100,332
1100,328
1100,326
1100,567
1100,324
1100,569
1101,325
1101,270
1101,562
1101,326
1101,295
1101,487
1101,324
1101,382
1101,318
1101,563
1102,325
1102,326
1102,324
1102,331
1102,330
1102,329
1102,332
1102,328
1102,327
1102,562
1103,325
1103,326
1103,562
1103,295
1103,270
1103,324
1103,487
1103,332
1103,330
1103,329
1104,326
1104,325
1104,324
1104,331
1104,329
1104,327
1104,332
1104,562
1104,330
1104,328
1105,332
1105,330
1105,328
1105,331
1105,329
1105,327
1105,325
1105,569
1105,567
1105,565
1106,332
1106,330
1106,328
1106,331
1106,329
1106,327
1106,325
1106,569
1106,567
1106,324
1107,486
1107,324
1107,492
1107,494
1107,487
1107,491
1107,493
1107,488
1107,490
1107,330
1108,486
1108,487
1108,492
1108,494
1108,324
1108,491
1108,493
1108,488
1108,490
1108,330
1109,493
1109,491
1109,489
1109,494
1109,492
1109,332
1109,490
1109,330
1109,328
1109,488
1110,489
1110,491
1110,493
1110,330
1110,332
1110,237
1110,328
1110,490
1110,239
1110,494
1111,487
1111,488
1111,270
1111,562
1111,325
1111,295
1111,480
1111,486
1111,448
1111,382
1112,487
1112,488
1112,486
1112,492
1112,494
1112,493
1112,491
1112,490
1112,489
1112,324
1113,487
1113,488
1113,295
1113,270
1113,562
1113,492
1113,486
1113,494
1113,326
1113,325
1114,487
1114,488
1114,326
1114,486
1114,491
1114,493
1114,494
1114,489
1114,492
1114,490
1115,494
1115,492
1115,332
1115,330
1115,490
1115,328
1115,493
1115,491
1115,489
1115,487
1116,492
1116,494
1116,330
1116,332
1116,493
1116,490
1116,328
1116,491
1116,487
1116,489
1117,509
1117,514
1117,515
1117,510
1117,517
1117,516
1117,511
1117,404
1117,513
1117,512
1118,509
1118,510
1118,515
1118,514
1118,517
1118,516
1118,405
1118,511
1118,512
1118,404
1119,514
1119,516
1119,512
1119,515
1119,513
1119,517
1119,510
1119,509
1119,410
1119,511
1120,516
1120,512
1120,514
1120,515
1120,517
1120,513
1120,509
1120,204
1120,206
1120,507
1121,510
1121,405
1121,511
1121,509
1121,514
1121,503
1121,406
1121,512
1121,516
1121,515
1122,510
1122,511
1122,509
1122,514
1122,516
1122,515
1122,517
1122,512
1122,513
1122,405
1123,510
1123,511
1123,405
1123,509
1123,515
1123,514
1123,406
1123,516
1123,517
1123,512
1124,511
1124,510
1124,509
1124,514
1124,516
1124,515
1124,405
1124,517
1124,512
1124,513
1125,515
1125,513
1125,517
1125,514
1125,516
1125,512
1125,410
1125,412
1125,509
1125,510
1126,515
1126,514
1126,517
1126,513
1126,516
1126,512
1126,510
1126,511
1126,509
1126,410
1127,518
1127,519
1127,524
1127,523
1127,526
1127,525
1127,520
1127,521
1127,522
1127,413
1128,518
1128,519
1128,524
1128,523
1128,526
1128,525
1128,520
1128,414
1128,413
1128,521
1129,523
1129,525
1129,521
1129,524
1129,526
1129,522
1129,519
1129,419
1129,418
1129,518
1130,525
1130,521
1130,523
1130,524
1130,526
1130,522
1130,210
1130,208
1130,518
1130,211
1131,519
1131,414
1131,520
1131,261
1131,503
1131,528
1131,518
1131,523
1131,525
1131,524
1132,519
1132,520
1132,518
1132,523
1132,525
1132,526
1132,524
1132,521
1132,522
1132,414
1133,519
1133,520
1133,414
1133,524
1133,518
1133,523
1133,415
1133,525
1133,526
1133,521
1134,520
1134,519
1134,518
1134,523
1134,525
1134,524
1134,526
1134,414
1134,521
1134,415
1135,524
1135,526
1135,522
1135,523
1135,525
1135,521
1135,419
1135,519
1135,421
1135,417
1136,524
1136,523
1136,526
1136,525
1136,522
1136,521
1136,519
1136,520
1136,518
1136,419
1137,536
1137,537
1137,542
1137,541
1137,538
1137,540
1137,539
1137,398
1137,502
1137,278
1138,536
1138,537
1138,542
1138,541
1138,538
1138,540
1138,539
1138,398
1138,502
1138,278
1139,541
1139,539
1139,542
1139,540
1139,537
1139,538
1139,536
1139,507
1139,505
1139,398
1140,539
1140,541
1140,542
1140,540
1140,201
1140,507
1140,505
1140,536
1140,537
1140,538
1141,537
1141,398
1141,538
1141,536
1141,544
1141,541
1141,553
1141,279
1141,503
1141,542
1142,537
1142,538
1142,536
1142,542
1142,541
1142,540
1142,539
1142,398
1142,570
1142,280
1143,537
1143,538
1143,398
1143,536
1143,542
1143,541
1143,540
1143,539
1143,279
1143,503
1144,538
1144,537
1144,541
1144,542
1144,536
1144,540
1144,539
1144,398
1144,280
1144,399
1145,542
1145,540
1145,541
1145,539
1145,537
1145,284
1145,538
1145,282
1145,536
1145,508
1146,542
1146,540
1146,541
1146,539
1146,537
1146,538
1146,536
1146,398
1146,284
1146,282
1147,552
1147,553
1147,558
1147,554
1147,557
1147,560
1147,559
1147,365
1147,556
1147,555
1148,552
1148,553
1148,558
1148,560
1148,557
1148,559
1148,554
1148,556
1148,432
1148,366
1149,559
1149,557
1149,555
1149,558
1149,560
1149,556
1149,553
1149,554
1149,552
1149,539
1150,558
1150,555
1150,557
1150,559
1150,560
1150,556
1150,230
1150,553
1150,570
1150,554
1151,553
1151,554
1151,366
1151,432
1151,537
1151,552
1151,544
1151,286
1151,557
1151,558
1152,553
1152,554
1152,552
1152,558
1152,560
1152,557
1152,559
1152,556
1152,555
1152,366
1153,553
1153,554
1153,366
1153,432
1153,552
1153,558
1153,560
1153,557
1153,559
1153,555
1154,554
1154,553
1154,552
1154,557
1154,558
1154,432
1154,560
1154,559
1154,366
1154,556
1155,558
1155,560
1155,556
1155,559
1155,557
1155,555
1155,553
1155,554
1155,552
1155,293
1156,558
1156,560
1156,556
1156,557
1156,559
1156,555
1156,553
1156,554
1156,552
1156,432
1157,581
1157,579
1157,583
1157,582
1157,584
1157,580
1157,589
1157,587
1157,591
1157,577
1158,582
1158,581
1158,583
1158,579
1158,584
1158,580
1158,577
1158,578
1158,590
1158,589
1159,577
1159,582
1159,581
1159,585
1159,584
1159,578
1159,583
1159,580
1159,579
1159,77
1160,577
1160,579
1160,580
1160,583
1160,578
1160,581
1160,582
1160,584
1160,585
1160,336
1161,578
1161,582
1161,581
1161,584
1161,580
1161,583
1161,577
1161,579
1161,77
1161,458
1162,578
1162,583
1162,584
1162,580
1162,579
1162,581
1162,582
1162,577
1162,77
1162,335
1163,582
1163,580
1163,584
1163,581
1163,583
1163,579
1163,65
1163,590
1163,81
1163,63
1164,582
1164,584
1164,580
1164,581
1164,583
1164,579
1164,577
1164,578
1164,590
1164,592
1165,589
1165,587
1165,591
1165,590
1165,588
1165,592
1165,581
1165,579
1165,583
1165,72
1166,589
1166,590
1166,591
1166,588
1166,587
1166,592
1166,585
1166,64
1166,582
1166,586
1167,585
1167,577
1167,590
1167,589
1167,592
1167,591
1167,587
1167,588
1167,586
1167,68
1168,585
1168,591
1168,587
1168,577
1168,589
1168,592
1168,588
1168,590
1168,586
1168,456
1169,586
1169,590
1169,592
1169,585
1169,578
1169,588
1169,591
1169,589
1169,587
1169,61
1170,586
1170,578
1170,591
1170,592
1170,588
1170,589
1170,587
1170,585
1170,590
1170,61
1171,590
1171,588
1171,592
1171,589
1171,65
1171,73
1171,81
1171,591
1171,67
1171,63
1172,590
1172,592
1172,588
1172,589
1172,591
1172,587
1172,585
1172,65
1172,582
1172,81
1173,600
1173,598
1173,596
1173,646
1173,601
1173,599
1173,632
1173,597
1173,648
1173,647
1174,600
1174,646
1174,598
1174,601
1174,596
1174,599
1174,597
1174,632
1174,595
1174,648
1175,593
1175,632
1175,595
1175,649
1175,650
1175,648
1175,601
1175,599
1175,600
1175,598
1176,651
1176,595
1176,648
1176,647
1176,632
1176,646
1176,649
1176,600
1176,596
1176,598
1177,594
1177,648
1177,595
1177,649
1177,632
1177,598
1177,599
1177,600
1177,601
1177,593
1178,594
1178,593
1178,595
1178,599
1178,600
1178,601
1178,649
1178,598
1178,597
1178,596
1179,601
1179,599
1179,597
1179,600
1179,598
1179,596
1179,646
1179,648
1179,632
1179,649
1180,601
1180,599
1180,597
1180,600
1180,598
1180,596
1180,646
1180,649
1180,648
1180,593
1181,594
1181,595
1181,648
1181,649
1181,632
1181,598
1181,646
1181,600
1181,599
1181,593
1182,594
1182,593
1182,595
1182,600
1182,598
1182,649
1182,597
1182,601
1182,596
1182,599
1183,606
1183,608
1183,604
1183,652
1183,645
1183,607
1183,88
1183,609
1183,644
1183,90
1184,645
1184,652
1184,606
1184,608
1184,604
1184,607
1184,609
1184,644
1184,605
1184,89
1185,676
1185,679
1185,494
1185,680
1185,661
1185,677
1185,277
1185,276
1185,331
1185,678
1186,676
1186,677
1186,679
1186,494
1186,680
1186,661
1186,678
1186,276
1186,439
1186,455
1187,679
1187,680
1187,677
1187,678
1187,665
1187,664
1187,669
1187,663
1187,277
1187,302
1188,679
1188,680
1188,677
1188,678
1188,494
1188,676
1188,277
1188,276
1188,332
1188,568
1189,677
1189,662
1189,657
1189,679
1189,494
1189,672
1189,667
1189,680
1189,165
1189,676
1190,677
1190,662
1190,680
1190,679
1190,277
1190,494
1190,691
1190,166
1190,301
1190,276
1191,681
1191,684
1191,685
1191,667
1191,661
1191,676
1191,682
1191,671
1191,656
1191,683
1192,681
1192,682
1192,684
1192,685
1192,667
1192,6
1192,472
1192,683
1192,671
1192,23
1193,684
1193,685
1193,683
1193,682
1193,667
1193,681
1193,6
1193,669
1193,659
1193,293
1194,682
1194,684
1194,685
1194,681
1194,683
1194,6
1194,381
1194,358
1194,342
1194,365
1195,682
1195,667
1195,6
1195,358
1195,333
1195,351
1195,365
1195,374
1195,390
1195,342
1196,682
1196,6
1196,684
1196,381
1196,351
1196,342
1196,358
1196,685
1196,365
1196,374
1197,665
1197,664
1197,663
1197,662
1197,679
1197,669
1197,659
1197,693
1197,266
1197,551
1198,665
1198,664
1198,662
1198,661
1198,551
1198,558
1198,663
1198,693
1198,679
1198,669
1199,695
1199,659
1199,664
1199,669
1199,674
1199,665
1199,660
1199,679
1199,439
1199,675
1200,695
1200,494
1200,686
1200,92
1200,277
1200,439
1200,569
1200,558
1200,669
1200,301
